term_score,releaseDate_score,versionNum_score,processingL_score,allPop_score,monthPop_score,userPop_score,spatialR_score,temporalR_score,click_score,label
0.22,1196380800000.0,1.0,4.0,207.0,88.0,39.0,111.0,120.0,0.0,OK
0.23,1241136000000.0,1.0,4.0,39.0,35.0,2.0,36.63,120.0,0.0,OK
0.29,1298937600000.0,1.0,4.0,394.0,151.0,158.0,111.0,5040.0,0.0,OK
0.3,1221868800000.0,0.0,2.0,36.0,49.0,103.0,8.0,240.0,0.0,Good
0.3,1227830400000.0,1.0,2.0,9.0,75.0,159.0,8.0,240.0,0.0,Good
0.3,1227830400000.0,0.0,2.0,72.0,627.0,576.0,8.0,264.0,0.0,Good
0.32,1221868800000.0,0.0,2.0,110.0,80.0,309.0,8.0,264.0,0.0,Good
0.34,1342569600000.0,0.0,2.0,1000.0,674.0,948.0,8.0,240.0,0.0,Good
0.34,1259107200000.0,0.0,2.0,1000.0,644.0,986.0,8.0,240.0,0.0,Good
0.34,1444262400000.0,0.0,2.0,75.0,50.0,586.0,8.0,240.0,0.0,Good
0.34,1259107200000.0,0.0,2.0,1000.0,660.0,935.0,8.0,240.0,0.0,Good
0.35,1259107200000.0,0.0,2.0,1000.0,739.0,1000.0,8.0,240.0,0.0,Good
0.35,1342569600000.0,0.0,2.0,1000.0,623.0,971.0,8.0,240.0,0.0,Good
0.35,1342569600000.0,0.0,2.0,1000.0,678.0,930.0,8.0,240.0,0.0,Good
0.35,1225152000000.0,1.0,2.0,30.0,64.0,37.0,8.0,240.0,0.0,Good
0.35,4182364800000.0,0.0,2.0,139.0,153.0,342.0,8.0,264.0,0.0,Good
0.35,1323302400000.0,1.0,2.0,1000.0,643.0,943.0,45.0,8856.0,0.0,Good
0.36,1445990400000.0,3.0,4.0,867.0,229.0,21.0,27306.0,240.0,0.0,OK
0.36,1445990400000.0,3.0,2.0,296.0,81.0,815.0,8.0,240.0,0.0,Good
0.37,1370908800000.0,1.0,4.0,255.0,106.0,15.0,55.5,168.0,0.0,OK
0.37,1445990400000.0,3.0,2.0,256.0,102.0,761.0,8.0,240.0,0.0,Good
0.37,1259107200000.0,0.0,2.0,1000.0,745.0,1000.0,8.0,240.0,0.0,Good
0.42,1220486400000.0,0.0,2.0,403.0,426.0,235.0,8.0,264.0,0.0,Good
0.43,1244592000000.0,0.0,2.0,94.0,52.0,6.0,8.0,240.0,0.0,Good
0.43,1220486400000.0,1.0,2.0,156.0,135.0,48.0,8.0,240.0,0.0,Good
0.46,1444262400000.0,0.0,2.0,448.0,176.0,722.0,8.0,240.0,0.0,Good
0.52,1285459200000.0,1.0,4.0,679.0,375.0,118.0,27.75,168.0,0.0,Bad
3.52,1222300800000.0,0.0,2.0,74.0,79.0,8.0,8.0,240.0,0.0,Excellent
3.94,1342310400000.0,0.0,2.0,220.0,130.0,102.0,8.0,264.0,0.0,Excellent
4.0,1276041600000.0,3.0,2.0,250.0,326.0,36.0,8.0,240.0,0.0,Excellent
4.86,1140393600000.0,2.0,2.0,113.0,238.0,151.0,25.0,12.0,0.0,Very good
6.28,849657600000.0,1.0,2.0,537.0,558.0,361.0,50.0,12.0,0.0,Excellent
6.38,1067731200000.0,1.0,3.0,1000.0,712.0,962.0,22.200000000000006,24.0,0.0,Very good
6.38,1332288000000.0,1.0,3.0,975.0,716.0,757.0,22.200000000000006,12.0,0.0,Very good
6.38,1332288000000.0,1.0,3.0,971.0,672.0,789.0,22.200000000000006,12.0,0.0,Very good
6.38,1067731200000.0,1.0,3.0,959.0,563.0,1000.0,22.200000000000006,24.0,0.0,Very good
6.38,1067731200000.0,1.0,3.0,782.0,724.0,823.0,22.200000000000006,24.0,0.0,Very good
6.38,1332288000000.0,1.0,3.0,652.0,725.0,520.0,22.200000000000006,12.0,0.0,Very good
6.38,985046400000.0,1.0,3.0,584.0,737.0,230.0,22.200000000000006,24.0,0.0,Very good
6.38,985046400000.0,1.0,3.0,550.0,731.0,987.0,22.200000000000006,24.0,0.0,Very good
6.38,985046400000.0,1.0,3.0,447.0,638.0,831.0,22.200000000000006,24.0,0.0,Very good
6.38,985046400000.0,1.0,3.0,268.0,648.0,818.0,22.200000000000006,24.0,0.0,Very good
6.81,1019520000000.0,1.0,3.0,162.0,221.0,101.0,4.44,12.0,0.0,Very good
6.81,1067731200000.0,1.0,3.0,958.0,727.0,1000.0,22.200000000000006,24.0,0.0,Very good
6.81,1067731200000.0,1.0,3.0,723.0,640.0,1000.0,22.200000000000006,24.0,0.0,Very good
6.81,1320278400000.0,2.0,3.0,26.0,178.0,18.0,2.22,12.0,4.0,Very good
6.96,1467158400000.0,1.0,1.0,350.0,180.0,1000.0,25.0,12.0,0.0,Excellent
6.98,1067817600000.0,1.0,3.0,1000.0,562.0,714.0,22.200000000000006,24.0,0.0,Very good
6.98,1067731200000.0,1.0,3.0,1000.0,711.0,1000.0,22.200000000000006,24.0,0.0,Very good
6.98,1332288000000.0,1.0,3.0,1000.0,625.0,720.0,22.200000000000006,12.0,0.0,Very good
6.98,1332288000000.0,1.0,3.0,849.0,559.0,411.0,22.200000000000006,12.0,0.0,Very good
6.98,1067731200000.0,1.0,3.0,644.0,444.0,973.0,22.200000000000006,24.0,0.0,Very good
6.98,1332288000000.0,1.0,3.0,592.0,713.0,735.0,22.200000000000006,12.0,0.0,Very good
7.24,1320278400000.0,2.0,3.0,80.0,332.0,56.0,2.22,12.0,0.0,Very good
7.24,1067731200000.0,1.0,3.0,1000.0,741.0,968.0,22.200000000000006,24.0,0.0,Very good
7.24,985046400000.0,1.0,3.0,657.0,655.0,557.0,22.200000000000006,24.0,0.0,Very good
7.24,985046400000.0,1.0,3.0,463.0,670.0,901.0,22.200000000000006,24.0,0.0,Very good
7.24,985046400000.0,1.0,3.0,196.0,726.0,639.0,22.200000000000006,24.0,4.0,Very good
7.33,1322524800000.0,1.0,3.0,271.0,487.0,68.0,4.44,144.0,0.0,Very good
7.33,1322524800000.0,1.0,3.0,259.0,499.0,74.0,4.44,144.0,0.0,Very good
7.43,1332288000000.0,1.0,3.0,648.0,738.0,393.0,22.200000000000006,12.0,0.0,Very good
7.43,1332288000000.0,1.0,3.0,596.0,719.0,797.0,22.200000000000006,12.0,0.0,Very good
7.43,985046400000.0,1.0,3.0,590.0,664.0,958.0,22.200000000000006,24.0,0.0,Very good
7.43,985046400000.0,1.0,3.0,374.0,734.0,445.0,22.200000000000006,24.0,1.0,Very good
7.88,901152000000.0,2.0,2.0,235.0,122.0,163.0,50.0,12.0,0.0,Excellent
7.94,1322438400000.0,1.0,3.0,179.0,482.0,129.0,4.44,12.0,0.0,Very good
9.0,1460937600000.0,1.2,2.0,261.0,83.0,1000.0,25.0,12.0,0.0,Excellent
9.0,1438300800000.0,1.1,2.0,183.0,746.0,1000.0,25.0,12.0,0.0,Excellent
9.47,1439942400000.0,1.1,2.0,181.0,48.0,1000.0,13.0,12.0,0.0,Excellent
9.64,1153267200000.0,2.0,1.0,61.0,119.0,736.0,16.0,12.0,0.0,Excellent
9.64,1153267200000.0,2.0,2.0,982.0,589.0,902.0,13.0,12.0,0.0,Excellent
9.82,1441065600000.0,1.1,1.0,82.0,19.0,1000.0,16.0,12.0,0.0,Excellent
10.22,1460937600000.0,1.2,2.0,99.0,15.0,1000.0,13.0,12.0,0.0,Excellent
10.41,1460937600000.0,1.2,1.0,81.0,18.0,1000.0,16.0,12.0,0.0,Excellent
10.59,1153267200000.0,2.0,2.0,861.0,271.0,644.0,25.0,12.0,0.0,Excellent
